event_starttime,event_peaktime,event_endtime,fl_goescls,ar_noaanum
2007-01-01 17:51:00,2007-01-01 17:55:00,2007-01-01 18:00:00,B1.3,10933
2007-01-01 18:05:00,2007-01-01 18:10:00,2007-01-01 18:13:00,B1.2,10933
2007-01-01 20:35:00,2007-01-01 20:40:00,2007-01-01 20:45:00,B1.6,10933
2007-01-02 14:36:00,2007-01-02 14:41:00,2007-01-02 14:47:00,B1.2,10933
2007-01-02 15:51:00,2007-01-02 15:55:00,2007-01-02 16:01:00,B1.4,0
2007-01-02 17:32:00,2007-01-02 17:38:00,2007-01-02 17:49:00,B1.7,0
2007-01-02 18:59:00,2007-01-02 19:04:00,2007-01-02 19:07:00,B1.4,10933
2007-01-03 01:05:00,2007-01-03 01:09:00,2007-01-03 01:14:00,B1.3,0
2007-01-03 02:50:00,2007-01-03 02:54:00,2007-01-03 03:01:00,B1.3,0
2007-01-03 12:21:00,2007-01-03 12:25:00,2007-01-03 12:30:00,B1.8,0
2007-01-04 18:24:00,2007-01-04 18:30:00,2007-01-04 18:35:00,B3.8,0
2007-01-08 12:16:00,2007-01-08 12:19:00,2007-01-08 12:22:00,B1.6,0
2007-01-08 12:25:00,2007-01-08 12:28:00,2007-01-08 12:30:00,B1.5,0
2007-01-08 18:35:00,2007-01-08 18:40:00,2007-01-08 18:42:00,B1.4,0
2007-01-09 07:19:00,2007-01-09 07:23:00,2007-01-09 07:28:00,B1.2,0
2007-01-09 08:32:00,2007-01-09 08:46:00,2007-01-09 08:59:00,B2.5,0
2007-01-09 10:54:00,2007-01-09 10:57:00,2007-01-09 11:02:00,B1.0,0
2007-01-09 11:52:00,2007-01-09 11:56:00,2007-01-09 12:00:00,B1.2,0
2007-01-09 13:01:00,2007-01-09 13:08:00,2007-01-09 13:14:00,B1.2,0
2007-01-09 14:47:00,2007-01-09 14:54:00,2007-01-09 15:00:00,B1.4,0
2007-01-09 21:49:00,2007-01-09 22:04:00,2007-01-09 22:13:00,B2.6,10933
2007-01-10 08:34:00,2007-01-10 08:40:00,2007-01-10 08:42:00,B1.8,10933
2007-01-10 09:01:00,2007-01-10 09:05:00,2007-01-10 09:07:00,B1.3,10933
2007-01-10 09:14:00,2007-01-10 09:51:00,2007-01-10 10:00:00,C1.7,10933
2007-01-10 10:53:00,2007-01-10 10:56:00,2007-01-10 10:58:00,B3.9,10933
2007-01-10 21:59:00,2007-01-10 22:10:00,2007-01-10 22:15:00,B1.4,10933
2007-01-10 23:22:00,2007-01-10 23:26:00,2007-01-10 23:30:00,B1.1,0
2007-01-11 00:56:00,2007-01-11 01:04:00,2007-01-11 01:12:00,C1.0,10933
2007-01-11 06:03:00,2007-01-11 06:07:00,2007-01-11 06:09:00,B1.7,10933
2007-01-11 23:38:00,2007-01-11 23:42:00,2007-01-11 23:48:00,B1.1,0
2007-01-12 01:18:00,2007-01-12 01:38:00,2007-01-12 01:49:00,C1.5,10933
2007-01-12 19:19:00,2007-01-12 19:37:00,2007-01-12 19:45:00,B3.1,10933
2007-01-13 06:19:00,2007-01-13 06:26:00,2007-01-13 06:35:00,B4.8,10933
2007-01-13 08:42:00,2007-01-13 08:46:00,2007-01-13 08:53:00,B1.3,0
2007-01-13 10:50:00,2007-01-13 10:53:00,2007-01-13 10:56:00,B1.1,0
2007-01-13 12:50:00,2007-01-13 12:53:00,2007-01-13 12:58:00,B1.2,0
2007-01-13 13:59:00,2007-01-13 14:03:00,2007-01-13 14:05:00,B1.1,0
2007-01-13 15:08:00,2007-01-13 15:13:00,2007-01-13 15:15:00,B2.6,0
2007-01-13 16:33:00,2007-01-13 16:37:00,2007-01-13 16:41:00,B1.1,10938
2007-01-13 23:39:00,2007-01-13 23:47:00,2007-01-13 23:55:00,B2.9,10938
2007-01-14 00:12:00,2007-01-14 00:19:00,2007-01-14 00:25:00,B1.7,10938
2007-01-14 09:01:00,2007-01-14 09:05:00,2007-01-14 09:08:00,B1.7,10938
2007-01-14 09:57:00,2007-01-14 10:05:00,2007-01-14 10:13:00,B3.2,10938
2007-01-14 16:30:00,2007-01-14 16:34:00,2007-01-14 16:37:00,B1.0,0
2007-01-14 18:49:00,2007-01-14 18:59:00,2007-01-14 19:06:00,B3.2,10938
2007-01-14 21:44:00,2007-01-14 21:51:00,2007-01-14 22:00:00,B1.4,10938
2007-01-14 22:33:00,2007-01-14 22:42:00,2007-01-14 22:47:00,B1.9,10938
2007-01-14 23:07:00,2007-01-14 23:19:00,2007-01-14 23:28:00,B3.8,10938
2007-01-15 00:46:00,2007-01-15 00:50:00,2007-01-15 00:53:00,B1.3,10938
2007-01-15 01:02:00,2007-01-15 01:06:00,2007-01-15 01:10:00,B1.3,10938
2007-01-15 02:11:00,2007-01-15 02:44:00,2007-01-15 02:53:00,B5.1,10938
2007-01-15 02:54:00,2007-01-15 03:08:00,2007-01-15 03:19:00,C1.4,10938
2007-01-15 04:49:00,2007-01-15 04:56:00,2007-01-15 05:02:00,B1.1,0
2007-01-15 07:40:00,2007-01-15 07:53:00,2007-01-15 07:59:00,B9.3,10938
2007-01-15 11:42:00,2007-01-15 11:57:00,2007-01-15 12:04:00,B4.1,10938
2007-01-15 14:30:00,2007-01-15 14:34:00,2007-01-15 14:38:00,B1.2,10938
2007-01-15 18:58:00,2007-01-15 19:08:00,2007-01-15 19:19:00,B1.8,0
2007-01-15 19:50:00,2007-01-15 19:58:00,2007-01-15 20:06:00,B2.3,10938
2007-01-15 20:22:00,2007-01-15 20:25:00,2007-01-15 20:28:00,B1.0,10938
2007-01-15 22:11:00,2007-01-15 22:15:00,2007-01-15 22:18:00,B1.9,10938
2007-01-16 02:22:00,2007-01-16 02:42:00,2007-01-16 02:49:00,C4.2,10938
2007-01-16 07:14:00,2007-01-16 07:17:00,2007-01-16 07:20:00,B1.0,0
2007-01-16 08:01:00,2007-01-16 08:05:00,2007-01-16 08:11:00,B5.7,10938
2007-01-16 10:25:00,2007-01-16 10:29:00,2007-01-16 10:32:00,B1.0,10938
2007-01-16 11:01:00,2007-01-16 11:15:00,2007-01-16 11:20:00,B4.4,10938
2007-01-16 11:41:00,2007-01-16 11:45:00,2007-01-16 11:51:00,B1.1,10938
2007-01-16 16:04:00,2007-01-16 16:11:00,2007-01-16 16:17:00,C1.1,10938
2007-01-17 23:48:00,2007-01-17 23:53:00,2007-01-18 00:04:00,B1.3,0
2007-01-18 01:53:00,2007-01-18 01:59:00,2007-01-18 02:04:00,B2.1,10938
2007-01-18 05:07:00,2007-01-18 05:11:00,2007-01-18 05:15:00,B1.1,0
2007-01-20 03:35:00,2007-01-20 03:38:00,2007-01-20 03:40:00,B1.0,0
2007-01-20 08:22:00,2007-01-20 08:26:00,2007-01-20 08:29:00,B1.6,0
2007-01-20 09:36:00,2007-01-20 09:39:00,2007-01-20 09:41:00,B1.4,0
2007-01-21 05:11:00,2007-01-21 05:16:00,2007-01-21 05:21:00,B6.8,10939
2007-01-21 13:06:00,2007-01-21 13:11:00,2007-01-21 13:14:00,C2.3,10939
2007-01-22 02:42:00,2007-01-22 02:45:00,2007-01-22 02:47:00,B1.6,10939
2007-01-22 03:06:00,2007-01-22 03:13:00,2007-01-22 03:17:00,B1.0,10939
2007-01-22 05:42:00,2007-01-22 05:48:00,2007-01-22 05:55:00,B1.2,10939
2007-01-22 08:12:00,2007-01-22 08:15:00,2007-01-22 08:19:00,B1.0,10939
2007-01-22 09:06:00,2007-01-22 09:09:00,2007-01-22 09:11:00,B1.2,10939
2007-01-23 09:05:00,2007-01-23 09:09:00,2007-01-23 09:18:00,B1.7,10939
2007-01-23 23:58:00,2007-01-24 00:02:00,2007-01-24 00:04:00,B1.2,0
2007-01-24 00:28:00,2007-01-24 00:32:00,2007-01-24 00:35:00,B5.1,10939
2007-01-24 05:13:00,2007-01-24 05:16:00,2007-01-24 05:19:00,B6.8,10939
2007-01-24 13:45:00,2007-01-24 14:52:00,2007-01-24 16:08:00,B9.0,0
2007-01-24 18:55:00,2007-01-24 19:00:00,2007-01-24 19:08:00,B3.1,10939
2007-01-25 02:26:00,2007-01-25 02:30:00,2007-01-25 02:36:00,B1.9,10939
2007-01-25 05:22:00,2007-01-25 05:26:00,2007-01-25 05:28:00,B3.5,10939
2007-01-25 06:33:00,2007-01-25 07:14:00,2007-01-25 07:58:00,C6.3,10940
2007-01-25 13:44:00,2007-01-25 13:49:00,2007-01-25 14:01:00,B6.3,10940
2007-01-25 14:05:00,2007-01-25 14:22:00,2007-01-25 14:30:00,B9.0,0
2007-01-25 17:39:00,2007-01-25 17:42:00,2007-01-25 17:45:00,B2.6,0
2007-01-25 18:02:00,2007-01-25 18:13:00,2007-01-25 18:16:00,B2.9,0
2007-01-25 19:01:00,2007-01-25 19:04:00,2007-01-25 19:10:00,B3.7,10940
2007-01-25 19:16:00,2007-01-25 19:20:00,2007-01-25 19:23:00,B4.5,10940
2007-01-25 21:32:00,2007-01-25 21:43:00,2007-01-25 21:45:00,C3.4,10940
2007-01-26 01:54:00,2007-01-26 02:18:00,2007-01-26 02:27:00,B3.5,10940
2007-01-26 08:47:00,2007-01-26 09:51:00,2007-01-26 10:47:00,B3.6,10940
2007-01-27 01:19:00,2007-01-27 01:24:00,2007-01-27 01:28:00,B1.3,10940
2007-01-27 22:52:00,2007-01-27 23:05:00,2007-01-27 23:56:00,B3.2,10940
2007-01-28 15:06:00,2007-01-28 15:16:00,2007-01-28 15:26:00,B1.6,10940
2007-01-28 22:45:00,2007-01-28 23:03:00,2007-01-28 23:19:00,B1.7,10940
2007-01-29 08:05:00,2007-01-29 08:09:00,2007-01-29 08:16:00,B1.4,10940
2007-01-29 13:16:00,2007-01-29 13:27:00,2007-01-29 13:35:00,B2.8,10940
2007-01-29 13:49:00,2007-01-29 13:55:00,2007-01-29 14:07:00,B2.3,10940
2007-01-29 14:32:00,2007-01-29 14:38:00,2007-01-29 14:44:00,B1.5,10940
2007-01-29 16:00:00,2007-01-29 16:06:00,2007-01-29 16:11:00,B9.5,10940
2007-01-29 16:00:00,2007-01-29 16:06:00,2007-01-29 16:12:00,B9.3,10940
2007-01-29 16:00:00,2007-01-29 16:06:00,2007-01-29 16:12:00,B8.7,10940
2007-01-29 16:41:00,2007-01-29 16:56:00,2007-01-29 17:22:00,C3.4,10940
2007-01-29 19:56:00,2007-01-29 20:02:00,2007-01-29 20:09:00,B2.8,10940
2007-01-29 20:59:00,2007-01-29 21:18:00,2007-01-29 21:27:00,B6.9,10940
2007-01-29 21:34:00,2007-01-29 21:40:00,2007-01-29 21:45:00,B8.5,10940
2007-01-29 22:32:00,2007-01-29 22:49:00,2007-01-29 23:21:00,C1.5,10940
2007-01-30 00:55:00,2007-01-30 01:00:00,2007-01-30 01:04:00,B3.8,10940
2007-01-30 07:29:00,2007-01-30 07:37:00,2007-01-30 07:41:00,C1.0,10940
2007-01-30 11:09:00,2007-01-30 11:14:00,2007-01-30 11:18:00,B1.2,0
2007-01-30 16:00:00,2007-01-30 16:03:00,2007-01-30 16:05:00,B2.5,0
2007-01-31 12:29:00,2007-01-31 12:33:00,2007-01-31 12:37:00,B1.1,0
2007-01-31 18:30:00,2007-01-31 18:34:00,2007-01-31 18:42:00,B1.2,0
2007-01-31 19:43:00,2007-01-31 19:46:00,2007-01-31 19:49:00,B1.2,0
2007-01-31 21:03:00,2007-01-31 21:22:00,2007-01-31 21:31:00,B7.5,10940
2007-02-01 01:37:00,2007-02-01 02:01:00,2007-02-01 02:27:00,B2.4,10940
2007-02-01 02:40:00,2007-02-01 03:13:00,2007-02-01 03:24:00,B4.7,10940
2007-02-01 04:41:00,2007-02-01 04:44:00,2007-02-01 04:46:00,B1.7,10940
2007-02-01 15:42:00,2007-02-01 15:45:00,2007-02-01 15:51:00,B1.0,0
2007-02-08 22:38:00,2007-02-08 22:46:00,2007-02-08 22:51:00,C1.2,0
2007-02-15 14:55:00,2007-02-15 14:59:00,2007-02-15 15:03:00,B1.2,0
2007-02-16 01:50:00,2007-02-16 01:56:00,2007-02-16 01:59:00,C1.7,0
2007-02-18 19:29:00,2007-02-18 19:32:00,2007-02-18 19:37:00,B8.3,0
2007-02-19 00:04:00,2007-02-19 00:10:00,2007-02-19 00:13:00,C1.1,10943
2007-02-27 07:23:00,2007-02-27 07:27:00,2007-02-27 07:30:00,B2.0,0
2007-03-02 05:03:00,2007-03-02 05:29:00,2007-03-02 05:50:00,B2.5,10944
2007-03-10 22:09:00,2007-03-10 22:13:00,2007-03-10 22:15:00,B2.0,0
2007-03-28 13:16:00,2007-03-28 13:44:00,2007-03-28 13:57:00,B1.1,0
2007-03-28 19:25:00,2007-03-28 19:28:00,2007-03-28 19:32:00,B1.0,10949
2007-03-31 01:28:00,2007-03-31 01:43:00,2007-03-31 01:48:00,B2.2,10949
2007-04-24 12:07:00,2007-04-24 12:10:00,2007-04-24 12:14:00,B1.0,10953
2007-04-24 22:43:00,2007-04-24 22:56:00,2007-04-24 23:06:00,C2.8,10953
2007-04-25 04:10:00,2007-04-25 04:14:00,2007-04-25 04:17:00,B1.8,10953
2007-04-25 04:37:00,2007-04-25 04:42:00,2007-04-25 04:45:00,B2.3,10953
2007-04-25 05:20:00,2007-04-25 05:23:00,2007-04-25 05:26:00,B1.0,10953
2007-04-25 05:35:00,2007-04-25 05:45:00,2007-04-25 05:47:00,B4.0,10953
2007-04-25 11:55:00,2007-04-25 12:05:00,2007-04-25 12:17:00,B1.1,10953
2007-04-25 18:14:00,2007-04-25 18:17:00,2007-04-25 18:20:00,B1.0,10953
2007-04-26 01:30:00,2007-04-26 01:38:00,2007-04-26 01:50:00,B1.4,0
2007-04-26 23:33:00,2007-04-26 23:36:00,2007-04-26 23:39:00,B1.1,0
2007-04-27 04:06:00,2007-04-27 04:12:00,2007-04-27 04:25:00,B2.2,0
2007-04-27 04:36:00,2007-04-27 04:43:00,2007-04-27 05:02:00,B8.0,10953
2007-04-27 05:17:00,2007-04-27 05:22:00,2007-04-27 05:29:00,B6.2,0
2007-04-27 14:26:00,2007-04-27 14:39:00,2007-04-27 14:49:00,B6.3,0
2007-04-27 18:28:00,2007-04-27 18:33:00,2007-04-27 18:38:00,B1.3,0
2007-04-27 20:28:00,2007-04-27 20:37:00,2007-04-27 20:43:00,B6.3,0
2007-04-27 20:57:00,2007-04-27 21:00:00,2007-04-27 21:03:00,B1.9,0
2007-04-27 21:36:00,2007-04-27 21:39:00,2007-04-27 21:44:00,B1.1,0
2007-04-27 22:33:00,2007-04-27 22:38:00,2007-04-27 22:42:00,B1.8,0
2007-04-28 00:46:00,2007-04-28 00:56:00,2007-04-28 01:00:00,B1.0,0
2007-04-28 02:05:00,2007-04-28 02:08:00,2007-04-28 02:11:00,B1.0,0
2007-04-28 04:11:00,2007-04-28 04:16:00,2007-04-28 04:20:00,B2.3,0
2007-04-28 11:06:00,2007-04-28 11:09:00,2007-04-28 11:13:00,B1.1,0
2007-04-28 19:52:00,2007-04-28 20:08:00,2007-04-28 20:20:00,B1.7,0
2007-04-28 21:58:00,2007-04-28 22:03:00,2007-04-28 22:06:00,B1.3,0
2007-04-28 22:16:00,2007-04-28 22:23:00,2007-04-28 22:31:00,B1.7,0
2007-04-28 23:15:00,2007-04-28 23:20:00,2007-04-28 23:26:00,B2.0,0
2007-04-29 10:34:00,2007-04-29 10:37:00,2007-04-29 10:40:00,B1.0,0
2007-04-29 10:47:00,2007-04-29 10:51:00,2007-04-29 10:55:00,B1.2,0
2007-04-29 14:35:00,2007-04-29 14:40:00,2007-04-29 14:43:00,B1.2,0
2007-04-29 14:51:00,2007-04-29 15:02:00,2007-04-29 15:09:00,B1.2,0
2007-04-29 20:27:00,2007-04-29 20:30:00,2007-04-29 20:34:00,B1.6,0
2007-04-30 01:56:00,2007-04-30 01:59:00,2007-04-30 02:11:00,B1.0,0
2007-04-30 04:44:00,2007-04-30 04:48:00,2007-04-30 04:54:00,B1.0,0
2007-04-30 07:56:00,2007-04-30 07:59:00,2007-04-30 08:01:00,B1.9,0
2007-04-30 09:21:00,2007-04-30 09:41:00,2007-04-30 09:47:00,B2.0,0
2007-04-30 11:46:00,2007-04-30 11:50:00,2007-04-30 11:56:00,B1.2,0
2007-04-30 15:32:00,2007-04-30 15:38:00,2007-04-30 15:48:00,B2.6,10953
2007-04-30 23:43:00,2007-04-30 23:46:00,2007-04-30 23:55:00,B1.4,0
2007-05-01 01:29:00,2007-05-01 01:33:00,2007-05-01 01:45:00,B1.0,0
2007-05-01 01:51:00,2007-05-01 01:54:00,2007-05-01 01:57:00,B1.0,0
2007-05-01 03:05:00,2007-05-01 03:11:00,2007-05-01 03:15:00,B1.5,0
2007-05-01 03:39:00,2007-05-01 03:48:00,2007-05-01 03:53:00,B1.5,0
2007-05-01 16:14:00,2007-05-01 16:18:00,2007-05-01 16:22:00,B1.7,0
2007-05-01 22:25:00,2007-05-01 22:32:00,2007-05-01 22:45:00,B1.6,0
2007-05-02 03:59:00,2007-05-02 04:13:00,2007-05-02 04:26:00,B1.3,10953
2007-05-02 15:06:00,2007-05-02 15:12:00,2007-05-02 15:23:00,B1.2,10953
2007-05-02 15:56:00,2007-05-02 16:02:00,2007-05-02 16:05:00,B8.1,10953
2007-05-02 18:05:00,2007-05-02 18:54:00,2007-05-02 20:45:00,B3.8,10953
2007-05-02 23:28:00,2007-05-02 23:48:00,2007-05-03 00:02:00,C8.5,10953
2007-05-03 11:36:00,2007-05-03 11:40:00,2007-05-03 11:44:00,B1.2,10954
2007-05-04 16:20:00,2007-05-04 16:36:00,2007-05-04 16:41:00,B1.2,10953
2007-05-04 17:30:00,2007-05-04 17:34:00,2007-05-04 17:39:00,B1.0,10953
2007-05-04 18:06:00,2007-05-04 18:16:00,2007-05-04 18:24:00,B3.0,10953
2007-05-05 02:01:00,2007-05-05 02:05:00,2007-05-05 02:11:00,B1.0,0
2007-05-05 09:08:00,2007-05-05 09:11:00,2007-05-05 09:14:00,B1.8,10953
2007-05-05 10:40:00,2007-05-05 10:45:00,2007-05-05 10:50:00,B1.0,10973
2007-05-05 10:56:00,2007-05-05 11:11:00,2007-05-05 11:18:00,B1.4,10953
2007-05-05 12:20:00,2007-05-05 12:47:00,2007-05-05 12:57:00,C4.2,10953
2007-05-05 16:22:00,2007-05-05 16:25:00,2007-05-05 16:28:00,B1.0,0
2007-05-06 01:13:00,2007-05-06 01:18:00,2007-05-06 01:25:00,B1.3,0
2007-05-06 01:38:00,2007-05-06 01:42:00,2007-05-06 01:46:00,B1.0,0
2007-05-06 05:30:00,2007-05-06 05:48:00,2007-05-06 05:59:00,B1.2,0
2007-05-06 18:20:00,2007-05-06 18:49:00,2007-05-06 18:54:00,B2.2,0
2007-05-06 23:04:00,2007-05-06 23:19:00,2007-05-06 23:29:00,B9.8,0
2007-05-07 06:09:00,2007-05-07 06:12:00,2007-05-07 06:15:00,B1.1,0
2007-05-07 07:00:00,2007-05-07 07:03:00,2007-05-07 07:05:00,B1.0,0
2007-05-07 11:40:00,2007-05-07 11:43:00,2007-05-07 11:45:00,B1.2,0
2007-05-07 12:12:00,2007-05-07 12:15:00,2007-05-07 12:17:00,B1.0,0
2007-05-07 14:20:00,2007-05-07 14:25:00,2007-05-07 14:29:00,B1.0,0
2007-05-08 05:51:00,2007-05-08 05:56:00,2007-05-08 06:03:00,B1.2,0
2007-05-08 07:49:00,2007-05-08 08:05:00,2007-05-08 08:14:00,B1.3,0
2007-05-08 10:07:00,2007-05-08 10:11:00,2007-05-08 10:14:00,B1.2,0
2007-05-08 13:20:00,2007-05-08 13:25:00,2007-05-08 13:28:00,B2.0,0
2007-05-08 20:59:00,2007-05-08 21:06:00,2007-05-08 21:09:00,B1.9,0
2007-05-08 21:29:00,2007-05-08 21:38:00,2007-05-08 21:43:00,B1.0,0
2007-05-08 23:08:00,2007-05-08 23:16:00,2007-05-08 23:23:00,B2.4,0
2007-05-09 01:37:00,2007-05-09 01:56:00,2007-05-09 02:08:00,B7.7,0
2007-05-09 13:36:00,2007-05-09 14:01:00,2007-05-09 14:28:00,B6.3,0
2007-05-11 21:18:00,2007-05-11 21:22:00,2007-05-11 21:25:00,B1.5,0
2007-05-12 03:15:00,2007-05-12 03:20:00,2007-05-12 03:23:00,B1.1,0
2007-05-12 05:07:00,2007-05-12 05:14:00,2007-05-12 05:33:00,B2.5,0
2007-05-12 13:34:00,2007-05-12 13:40:00,2007-05-12 13:44:00,B1.8,0
2007-05-14 07:41:00,2007-05-14 07:47:00,2007-05-14 07:53:00,B2.0,10956
2007-05-15 04:27:00,2007-05-15 04:35:00,2007-05-15 04:43:00,B4.2,10956
2007-05-15 05:09:00,2007-05-15 05:14:00,2007-05-15 05:18:00,B1.1,10956
2007-05-15 15:27:00,2007-05-15 15:37:00,2007-05-15 15:44:00,C1.0,10956
2007-05-15 16:57:00,2007-05-15 17:05:00,2007-05-15 17:07:00,B1.7,10956
2007-05-15 18:02:00,2007-05-15 18:09:00,2007-05-15 18:16:00,B3.2,10956
2007-05-15 19:02:00,2007-05-15 19:07:00,2007-05-15 19:12:00,B2.7,10956
2007-05-15 23:03:00,2007-05-15 23:15:00,2007-05-15 23:45:00,B2.0,10956
2007-05-16 01:09:00,2007-05-16 01:13:00,2007-05-16 01:21:00,B1.0,10956
2007-05-16 01:48:00,2007-05-16 01:53:00,2007-05-16 01:55:00,B2.0,10956
2007-05-16 02:14:00,2007-05-16 02:22:00,2007-05-16 02:38:00,B2.6,10956
2007-05-16 05:56:00,2007-05-16 06:01:00,2007-05-16 06:06:00,B1.9,10956
2007-05-16 12:08:00,2007-05-16 12:22:00,2007-05-16 12:30:00,B1.8,10956
2007-05-16 13:02:00,2007-05-16 13:05:00,2007-05-16 13:08:00,B1.8,10956
2007-05-16 17:19:00,2007-05-16 17:41:00,2007-05-16 17:53:00,C2.9,10956
2007-05-16 18:59:00,2007-05-16 19:04:00,2007-05-16 19:09:00,B1.7,10956
2007-05-17 00:33:00,2007-05-17 00:40:00,2007-05-17 00:48:00,B1.7,0
2007-05-17 02:56:00,2007-05-17 03:10:00,2007-05-17 03:19:00,B2.3,10956
2007-05-17 12:47:00,2007-05-17 12:56:00,2007-05-17 13:07:00,B5.5,10956
2007-05-17 13:42:00,2007-05-17 13:47:00,2007-05-17 13:51:00,B1.4,10956
2007-05-17 14:41:00,2007-05-17 14:45:00,2007-05-17 14:48:00,B1.0,10956
2007-05-17 17:50:00,2007-05-17 18:05:00,2007-05-17 19:18:00,B1.8,10956
2007-05-18 05:46:00,2007-05-18 05:49:00,2007-05-18 05:53:00,B1.0,0
2007-05-19 04:52:00,2007-05-19 05:02:00,2007-05-19 05:14:00,B1.3,0
2007-05-19 12:48:00,2007-05-19 13:02:00,2007-05-19 13:19:00,B9.5,10956
2007-05-20 04:52:00,2007-05-20 05:56:00,2007-05-20 06:20:00,B6.7,10956
2007-05-20 13:57:00,2007-05-20 14:01:00,2007-05-20 14:05:00,B1.5,0
2007-05-20 21:36:00,2007-05-20 21:39:00,2007-05-20 21:45:00,B1.0,0
2007-05-20 23:56:00,2007-05-20 00:00:00,2007-05-21 00:05:00,B1.1,0
2007-05-21 02:33:00,2007-05-21 02:41:00,2007-05-21 02:59:00,B7.8,0
2007-05-21 08:46:00,2007-05-21 09:03:00,2007-05-21 09:20:00,B2.5,0
2007-05-21 17:10:00,2007-05-21 17:14:00,2007-05-21 17:17:00,B1.3,0
2007-05-21 19:56:00,2007-05-21 20:00:00,2007-05-21 20:10:00,B1.0,0
2007-05-22 06:37:00,2007-05-22 06:40:00,2007-05-22 06:42:00,B1.1,0
2007-05-22 06:44:00,2007-05-22 06:47:00,2007-05-22 06:50:00,B1.0,0
2007-05-22 14:30:00,2007-05-22 14:47:00,2007-05-22 15:19:00,B3.9,0
2007-05-22 23:17:00,2007-05-22 23:25:00,2007-05-22 23:29:00,B2.7,10956
2007-05-23 01:34:00,2007-05-23 01:39:00,2007-05-23 01:46:00,B2.8,0
2007-05-23 07:15:00,2007-05-23 07:32:00,2007-05-23 07:50:00,B5.3,0
2007-05-25 07:53:00,2007-05-25 07:56:00,2007-05-25 07:59:00,B1.0,0
2007-05-26 16:34:00,2007-05-26 16:44:00,2007-05-26 16:51:00,B1.8,0
2007-05-30 13:49:00,2007-05-30 14:15:00,2007-05-30 14:54:00,C2.0,0
2007-05-31 01:45:00,2007-05-31 01:55:00,2007-05-31 02:12:00,B1.9,10960
2007-05-31 10:14:00,2007-05-31 10:22:00,2007-05-31 10:32:00,B1.6,10958
2007-05-31 12:43:00,2007-05-31 12:53:00,2007-05-31 13:02:00,C1.1,10960
2007-05-31 17:57:00,2007-05-31 18:04:00,2007-05-31 18:23:00,B3.7,10959
2007-05-31 22:16:00,2007-05-31 22:21:00,2007-05-31 22:31:00,B4.4,10960
2007-05-31 22:43:00,2007-05-31 22:54:00,2007-05-31 23:04:00,B5.4,10960
2007-06-01 01:34:00,2007-06-01 01:41:00,2007-06-01 01:47:00,B4.1,10960
2007-06-01 06:46:00,2007-06-01 06:51:00,2007-06-01 06:59:00,M1.0,10960
2007-06-01 08:46:00,2007-06-01 09:05:00,2007-06-01 09:17:00,B4.9,10960
2007-06-01 10:22:00,2007-06-01 10:32:00,2007-06-01 10:36:00,B1.8,10960
2007-06-01 12:24:00,2007-06-01 12:35:00,2007-06-01 12:50:00,B6.9,10960
2007-06-01 13:19:00,2007-06-01 13:23:00,2007-06-01 13:28:00,B3.7,10960
2007-06-01 14:17:00,2007-06-01 14:22:00,2007-06-01 14:27:00,B6.6,10960
2007-06-01 14:35:00,2007-06-01 14:59:00,2007-06-01 15:11:00,M2.8,10960
2007-06-01 17:01:00,2007-06-01 17:10:00,2007-06-01 17:13:00,B3.3,10960
2007-06-01 20:13:00,2007-06-01 20:19:00,2007-06-01 20:25:00,B2.2,10960
2007-06-01 21:15:00,2007-06-01 21:25:00,2007-06-01 21:36:00,B4.9,10960
2007-06-01 21:40:00,2007-06-01 21:52:00,2007-06-01 21:59:00,M2.1,10960
2007-06-01 22:17:00,2007-06-01 22:22:00,2007-06-01 22:26:00,C2.8,10960
2007-06-02 01:30:00,2007-06-02 01:35:00,2007-06-02 01:40:00,B1.7,0
2007-06-02 02:40:00,2007-06-02 02:44:00,2007-06-02 02:53:00,B1.7,0
2007-06-02 03:30:00,2007-06-02 03:37:00,2007-06-02 03:48:00,B3.5,0
2007-06-02 05:25:00,2007-06-02 06:11:00,2007-06-02 06:19:00,M2.5,10960
2007-06-02 07:57:00,2007-06-02 08:00:00,2007-06-02 08:03:00,B3.6,0
2007-06-02 08:21:00,2007-06-02 08:33:00,2007-06-02 08:38:00,B7.8,0
2007-06-02 09:23:00,2007-06-02 09:26:00,2007-06-02 09:28:00,B1.5,0
2007-06-02 09:30:00,2007-06-02 09:33:00,2007-06-02 09:37:00,B1.9,0
2007-06-02 10:28:00,2007-06-02 10:35:00,2007-06-02 10:41:00,M1.0,0
2007-06-02 15:18:00,2007-06-02 15:21:00,2007-06-02 15:23:00,B2.0,0
2007-06-02 15:29:00,2007-06-02 15:32:00,2007-06-02 15:34:00,B1.9,0
2007-06-02 17:41:00,2007-06-02 17:44:00,2007-06-02 17:46:00,B2.2,0
2007-06-02 18:10:00,2007-06-02 18:13:00,2007-06-02 18:15:00,B1.7,0
2007-06-02 19:17:00,2007-06-02 19:20:00,2007-06-02 19:25:00,B1.2,0
2007-06-02 20:07:00,2007-06-02 20:13:00,2007-06-02 20:22:00,B1.4,0
2007-06-02 21:04:00,2007-06-02 21:10:00,2007-06-02 21:16:00,B7.6,0
2007-06-02 22:54:00,2007-06-02 22:58:00,2007-06-02 23:00:00,B1.8,0
2007-06-03 00:41:00,2007-06-03 00:52:00,2007-06-03 00:57:00,B3.6,0
2007-06-03 00:57:00,2007-06-03 01:02:00,2007-06-03 01:08:00,B4.7,0
2007-06-03 01:28:00,2007-06-03 01:34:00,2007-06-03 01:40:00,B8.8,0
2007-06-03 01:51:00,2007-06-03 01:59:00,2007-06-03 02:04:00,M2.4,10960
2007-06-03 02:06:00,2007-06-03 02:12:00,2007-06-03 02:16:00,M7.0,0
2007-06-03 02:31:00,2007-06-03 02:36:00,2007-06-03 02:41:00,C1.6,0
2007-06-03 04:05:00,2007-06-03 04:15:00,2007-06-03 04:31:00,B9.5,0
2007-06-03 05:19:00,2007-06-03 05:22:00,2007-06-03 05:25:00,B2.1,0
2007-06-03 06:18:00,2007-06-03 06:22:00,2007-06-03 06:26:00,B1.6,0
2007-06-03 06:36:00,2007-06-03 06:41:00,2007-06-03 06:43:00,M4.5,10960
2007-06-03 09:23:00,2007-06-03 09:28:00,2007-06-03 09:31:00,C5.3,0
2007-06-03 11:18:00,2007-06-03 11:26:00,2007-06-03 11:30:00,B3.3,0
2007-06-03 18:10:00,2007-06-03 18:16:00,2007-06-03 18:21:00,B6.0,0
2007-06-03 18:43:00,2007-06-03 18:47:00,2007-06-03 18:50:00,B1.6,0
2007-06-03 20:15:00,2007-06-03 20:40:00,2007-06-03 20:52:00,B5.5,0
2007-06-03 23:35:00,2007-06-03 23:39:00,2007-06-03 23:43:00,B1.9,0
2007-06-04 02:16:00,2007-06-04 02:20:00,2007-06-04 02:34:00,B1.5,0
2007-06-04 03:20:00,2007-06-04 03:26:00,2007-06-04 03:34:00,B2.2,0
2007-06-04 03:51:00,2007-06-04 03:59:00,2007-06-04 04:01:00,B2.2,10960
2007-06-04 04:40:00,2007-06-04 04:46:00,2007-06-04 04:51:00,B5.0,10960
2007-06-04 05:06:00,2007-06-04 05:13:00,2007-06-04 05:16:00,M8.9,10960
2007-06-04 07:08:00,2007-06-04 07:13:00,2007-06-04 07:18:00,B5.6,10960
2007-06-04 08:25:00,2007-06-04 08:29:00,2007-06-04 08:35:00,B2.7,10960
2007-06-04 09:41:00,2007-06-04 09:45:00,2007-06-04 09:49:00,B8.6,0
2007-06-04 11:58:00,2007-06-04 12:02:00,2007-06-04 12:06:00,B2.7,0
2007-06-04 13:06:00,2007-06-04 13:09:00,2007-06-04 13:14:00,B1.6,0
2007-06-04 14:04:00,2007-06-04 14:12:00,2007-06-04 14:19:00,B4.1,0
2007-06-04 15:55:00,2007-06-04 16:03:00,2007-06-04 16:10:00,B5.5,0
2007-06-04 16:41:00,2007-06-04 16:44:00,2007-06-04 16:46:00,B2.0,0
2007-06-04 17:32:00,2007-06-04 17:35:00,2007-06-04 17:37:00,B2.2,0
2007-06-04 18:47:00,2007-06-04 18:51:00,2007-06-04 18:54:00,B2.5,0
2007-06-04 19:20:00,2007-06-04 19:26:00,2007-06-04 19:31:00,B1.6,0
2007-06-04 19:39:00,2007-06-04 19:45:00,2007-06-04 19:54:00,B2.9,0
2007-06-04 20:52:00,2007-06-04 20:56:00,2007-06-04 20:58:00,B2.1,0
2007-06-04 21:08:00,2007-06-04 21:11:00,2007-06-04 21:15:00,B1.7,0
2007-06-04 21:18:00,2007-06-04 21:26:00,2007-06-04 21:31:00,B3.7,0
2007-06-04 23:32:00,2007-06-04 23:36:00,2007-06-04 23:42:00,B1.3,0
2007-06-05 04:15:00,2007-06-05 04:23:00,2007-06-05 04:29:00,C1.2,0
2007-06-05 04:56:00,2007-06-05 04:59:00,2007-06-05 05:03:00,B1.6,10960
2007-06-05 09:20:00,2007-06-05 09:27:00,2007-06-05 09:39:00,B4.7,10960
2007-06-05 12:04:00,2007-06-05 12:07:00,2007-06-05 12:09:00,B2.0,0
2007-06-05 15:29:00,2007-06-05 16:13:00,2007-06-05 16:25:00,C6.6,10960
2007-06-05 17:26:00,2007-06-05 17:31:00,2007-06-05 17:33:00,B3.2,0
2007-06-05 23:20:00,2007-06-05 23:30:00,2007-06-05 23:40:00,B1.6,0
2007-06-06 03:48:00,2007-06-06 03:53:00,2007-06-06 03:56:00,B1.5,0
2007-06-06 04:28:00,2007-06-06 04:34:00,2007-06-06 04:43:00,B2.8,0
2007-06-06 13:21:00,2007-06-06 13:29:00,2007-06-06 13:33:00,B3.1,0
2007-06-06 16:55:00,2007-06-06 17:25:00,2007-06-06 17:35:00,C9.7,10960
2007-06-06 22:55:00,2007-06-06 23:06:00,2007-06-06 23:11:00,B2.0,0
2007-06-06 23:13:00,2007-06-06 23:28:00,2007-06-06 23:31:00,C1.7,0
2007-06-07 00:18:00,2007-06-07 00:45:00,2007-06-07 00:49:00,B7.6,0
2007-06-07 01:33:00,2007-06-07 01:40:00,2007-06-07 01:46:00,B6.6,0
2007-06-07 06:22:00,2007-06-07 06:44:00,2007-06-07 06:50:00,C3.9,0
2007-06-07 08:31:00,2007-06-07 08:35:00,2007-06-07 08:37:00,B4.9,0
2007-06-07 10:10:00,2007-06-07 10:52:00,2007-06-07 11:07:00,C1.1,0
2007-06-07 17:07:00,2007-06-07 17:20:00,2007-06-07 17:25:00,B9.7,10960
2007-06-08 01:31:00,2007-06-08 01:38:00,2007-06-08 01:43:00,C1.6,0
2007-06-08 03:38:00,2007-06-08 03:42:00,2007-06-08 03:52:00,B1.7,0
2007-06-08 04:10:00,2007-06-08 04:21:00,2007-06-08 04:25:00,C2.3,0
2007-06-08 04:55:00,2007-06-08 05:02:00,2007-06-08 05:05:00,C1.4,10960
2007-06-08 07:33:00,2007-06-08 07:41:00,2007-06-08 07:49:00,B3.2,0
2007-06-08 08:22:00,2007-06-08 08:46:00,2007-06-08 09:00:00,C2.9,0
2007-06-08 10:42:00,2007-06-08 10:48:00,2007-06-08 10:55:00,B3.8,0
2007-06-08 12:07:00,2007-06-08 12:12:00,2007-06-08 12:15:00,B5.3,0
2007-06-08 12:33:00,2007-06-08 12:38:00,2007-06-08 12:44:00,B7.6,0
2007-06-08 13:33:00,2007-06-08 13:44:00,2007-06-08 13:49:00,B3.1,0
2007-06-08 14:09:00,2007-06-08 14:45:00,2007-06-08 14:52:00,C1.5,10960
2007-06-08 17:00:00,2007-06-08 17:08:00,2007-06-08 17:18:00,B4.5,0
2007-06-08 18:45:00,2007-06-08 18:57:00,2007-06-08 19:13:00,B4.3,0
2007-06-08 22:08:00,2007-06-08 22:25:00,2007-06-08 22:35:00,B2.6,0
2007-06-08 23:21:00,2007-06-08 23:25:00,2007-06-08 23:28:00,B2.2,0
2007-06-09 09:29:00,2007-06-09 09:41:00,2007-06-09 09:48:00,B8.6,0
2007-06-09 13:30:00,2007-06-09 13:48:00,2007-06-09 14:05:00,M1.0,10960
2007-06-09 23:35:00,2007-06-09 23:52:00,2007-06-10 00:04:00,B6.6,0
2007-06-10 05:06:00,2007-06-10 05:12:00,2007-06-10 05:20:00,B1.6,0
2007-06-10 07:21:00,2007-06-10 07:27:00,2007-06-10 07:35:00,B1.9,0
2007-06-10 09:31:00,2007-06-10 09:34:00,2007-06-10 09:37:00,B1.0,0
2007-06-10 09:45:00,2007-06-10 09:51:00,2007-06-10 09:56:00,B1.4,0
2007-06-10 11:01:00,2007-06-10 11:11:00,2007-06-10 11:14:00,C1.9,10960
2007-06-10 18:33:00,2007-06-10 18:37:00,2007-06-10 18:42:00,B1.1,10960
2007-06-10 23:48:00,2007-06-11 00:27:00,2007-06-11 00:49:00,B8.1,0
2007-06-11 03:55:00,2007-06-11 04:00:00,2007-06-11 04:06:00,B1.3,10960
2007-06-11 12:55:00,2007-06-11 12:59:00,2007-06-11 13:02:00,B2.4,0
2007-06-11 21:41:00,2007-06-11 21:45:00,2007-06-11 21:53:00,B1.0,0
2007-06-12 19:14:00,2007-06-12 19:31:00,2007-06-12 19:47:00,B3.1,0
2007-06-13 13:18:00,2007-06-13 13:47:00,2007-06-13 14:03:00,B4.2,0
2007-06-15 04:35:00,2007-06-15 04:47:00,2007-06-15 05:18:00,B2.0,0
2007-06-27 02:21:00,2007-06-27 02:27:00,2007-06-27 02:31:00,B1.9,0
2007-06-27 10:05:00,2007-06-27 10:19:00,2007-06-27 10:25:00,B3.1,0
2007-06-27 13:02:00,2007-06-27 13:05:00,2007-06-27 13:08:00,B1.1,0
2007-06-27 14:05:00,2007-06-27 14:18:00,2007-06-27 14:24:00,B3.7,0
2007-06-27 17:49:00,2007-06-27 18:00:00,2007-06-27 18:03:00,C1.3,0
2007-06-28 01:10:00,2007-06-28 01:17:00,2007-06-28 01:21:00,B1.2,0
2007-06-28 06:59:00,2007-06-28 07:07:00,2007-06-28 07:23:00,B1.5,10962
2007-06-28 14:10:00,2007-06-28 14:23:00,2007-06-28 14:31:00,B2.9,0
2007-06-28 17:08:00,2007-06-28 17:17:00,2007-06-28 17:25:00,B3.2,10962
2007-06-29 00:23:00,2007-06-29 00:28:00,2007-06-29 00:33:00,B1.4,0
2007-06-29 00:55:00,2007-06-29 01:00:00,2007-06-29 01:05:00,B1.4,0
2007-06-29 01:15:00,2007-06-29 01:24:00,2007-06-29 01:30:00,B3.2,0
2007-06-29 02:30:00,2007-06-29 02:39:00,2007-06-29 02:45:00,B3.7,10962
2007-06-29 04:50:00,2007-06-29 04:54:00,2007-06-29 04:57:00,B1.0,10962
2007-06-29 08:05:00,2007-06-29 08:14:00,2007-06-29 08:29:00,B3.0,10962
2007-06-29 10:01:00,2007-06-29 10:08:00,2007-06-29 10:14:00,B9.5,10962
2007-06-29 18:28:00,2007-06-29 18:36:00,2007-06-29 18:41:00,B2.5,10962
2007-06-29 19:42:00,2007-06-29 19:47:00,2007-06-29 19:59:00,B1.3,0
2007-06-29 20:04:00,2007-06-29 20:13:00,2007-06-29 20:17:00,C1.1,10962
2007-07-01 08:22:00,2007-07-01 08:28:00,2007-07-01 08:32:00,B2.2,0
2007-07-01 21:44:00,2007-07-01 21:49:00,2007-07-01 21:53:00,B2.9,0
2007-07-07 03:33:00,2007-07-07 03:44:00,2007-07-07 03:59:00,B7.5,0
2007-07-07 07:38:00,2007-07-07 07:44:00,2007-07-07 07:48:00,B1.2,0
2007-07-07 10:56:00,2007-07-07 11:18:00,2007-07-07 11:51:00,B9.1,0
2007-07-07 12:15:00,2007-07-07 12:41:00,2007-07-07 12:48:00,B3.8,0
2007-07-07 13:17:00,2007-07-07 13:22:00,2007-07-07 13:29:00,B4.7,0
2007-07-07 14:00:00,2007-07-07 14:30:00,2007-07-07 14:52:00,C1.9,0
2007-07-07 16:47:00,2007-07-07 17:21:00,2007-07-07 17:33:00,B4.0,0
2007-07-07 18:44:00,2007-07-07 18:51:00,2007-07-07 19:01:00,B2.6,0
2007-07-07 20:11:00,2007-07-07 20:16:00,2007-07-07 20:25:00,B1.8,0
2007-07-07 21:24:00,2007-07-07 21:47:00,2007-07-07 21:56:00,B6.9,0
2007-07-07 23:10:00,2007-07-07 23:13:00,2007-07-07 23:16:00,B1.2,0
2007-07-07 23:18:00,2007-07-07 23:39:00,2007-07-07 23:44:00,B1.9,0
2007-07-08 00:23:00,2007-07-08 00:36:00,2007-07-08 00:44:00,B2.9,0
2007-07-08 00:58:00,2007-07-08 01:08:00,2007-07-08 01:18:00,B4.7,0
2007-07-08 04:02:00,2007-07-08 04:06:00,2007-07-08 04:12:00,B1.1,10963
2007-07-08 05:41:00,2007-07-08 05:48:00,2007-07-08 05:53:00,B2.5,10963
2007-07-08 06:47:00,2007-07-08 06:51:00,2007-07-08 06:55:00,B1.7,0
2007-07-08 07:17:00,2007-07-08 07:36:00,2007-07-08 07:41:00,B4.0,0
2007-07-08 08:11:00,2007-07-08 08:27:00,2007-07-08 08:35:00,B4.0,0
2007-07-08 08:51:00,2007-07-08 08:55:00,2007-07-08 09:01:00,B2.5,0
2007-07-08 10:06:00,2007-07-08 10:25:00,2007-07-08 10:33:00,B4.3,0
2007-07-08 11:20:00,2007-07-08 11:27:00,2007-07-08 11:37:00,B3.2,0
2007-07-08 11:56:00,2007-07-08 12:26:00,2007-07-08 12:37:00,B4.9,0
2007-07-08 13:27:00,2007-07-08 13:45:00,2007-07-08 14:03:00,C1.1,0
2007-07-08 15:04:00,2007-07-08 15:07:00,2007-07-08 15:10:00,B1.8,0
2007-07-08 15:52:00,2007-07-08 16:02:00,2007-07-08 16:11:00,C1.0,0
2007-07-08 16:48:00,2007-07-08 16:58:00,2007-07-08 17:06:00,C1.8,0
2007-07-08 17:54:00,2007-07-08 17:57:00,2007-07-08 17:59:00,B9.8,10963
2007-07-08 18:18:00,2007-07-08 18:21:00,2007-07-08 18:24:00,B4.6,10963
2007-07-08 19:21:00,2007-07-08 19:27:00,2007-07-08 19:30:00,B2.7,0
2007-07-08 20:19:00,2007-07-08 20:22:00,2007-07-08 20:24:00,B1.4,0
2007-07-08 20:57:00,2007-07-08 21:01:00,2007-07-08 21:05:00,B1.3,0
2007-07-08 21:34:00,2007-07-08 22:14:00,2007-07-08 22:22:00,B6.7,0
2007-07-08 23:13:00,2007-07-08 23:16:00,2007-07-08 23:19:00,B2.1,0
2007-07-09 00:25:00,2007-07-09 01:07:00,2007-07-09 01:21:00,B4.7,0
2007-07-09 01:27:00,2007-07-09 01:34:00,2007-07-09 01:39:00,B7.8,0
2007-07-09 01:45:00,2007-07-09 01:59:00,2007-07-09 02:16:00,C1.0,0
2007-07-09 02:50:00,2007-07-09 02:54:00,2007-07-09 02:59:00,B6.3,0
2007-07-09 04:32:00,2007-07-09 04:36:00,2007-07-09 04:39:00,B5.3,10963
2007-07-09 05:34:00,2007-07-09 06:14:00,2007-07-09 06:22:00,C1.7,10963
2007-07-09 07:49:00,2007-07-09 08:01:00,2007-07-09 08:06:00,B4.7,0
2007-07-09 08:47:00,2007-07-09 09:20:00,2007-07-09 09:39:00,B5.8,0
2007-07-09 10:07:00,2007-07-09 10:11:00,2007-07-09 10:13:00,B3.0,0
2007-07-09 11:26:00,2007-07-09 11:29:00,2007-07-09 11:34:00,B1.6,0
2007-07-09 11:43:00,2007-07-09 11:46:00,2007-07-09 11:48:00,B1.5,0
2007-07-09 11:56:00,2007-07-09 11:59:00,2007-07-09 12:01:00,B1.4,0
2007-07-09 12:15:00,2007-07-09 12:22:00,2007-07-09 12:26:00,B1.9,0
2007-07-09 13:01:00,2007-07-09 13:05:00,2007-07-09 13:07:00,B1.3,0
2007-07-09 13:17:00,2007-07-09 13:25:00,2007-07-09 13:34:00,B2.0,0
2007-07-09 13:45:00,2007-07-09 13:50:00,2007-07-09 13:54:00,B3.8,0
2007-07-09 14:40:00,2007-07-09 15:26:00,2007-07-09 15:38:00,B4.7,10963
2007-07-09 16:15:00,2007-07-09 16:20:00,2007-07-09 16:22:00,B6.9,10963
2007-07-09 16:46:00,2007-07-09 16:49:00,2007-07-09 16:51:00,B2.7,0
2007-07-09 16:57:00,2007-07-09 17:01:00,2007-07-09 17:04:00,B2.8,0
2007-07-09 17:59:00,2007-07-09 18:03:00,2007-07-09 18:07:00,B1.6,10963
2007-07-09 19:03:00,2007-07-09 19:09:00,2007-07-09 19:13:00,B2.9,10963
2007-07-09 21:06:00,2007-07-09 21:16:00,2007-07-09 21:22:00,B3.8,10963
2007-07-09 21:47:00,2007-07-09 21:56:00,2007-07-09 22:00:00,B3.7,0
2007-07-09 22:32:00,2007-07-09 23:05:00,2007-07-09 23:08:00,C1.3,0
2007-07-09 23:46:00,2007-07-09 23:52:00,2007-07-09 23:54:00,B2.5,0
2007-07-10 00:21:00,2007-07-10 00:25:00,2007-07-10 00:31:00,B3.3,10963
2007-07-10 00:53:00,2007-07-10 01:01:00,2007-07-10 01:11:00,C3.8,10963
2007-07-10 01:32:00,2007-07-10 01:37:00,2007-07-10 01:46:00,C4.3,0
2007-07-10 02:52:00,2007-07-10 02:56:00,2007-07-10 03:00:00,B3.1,10963
2007-07-10 03:29:00,2007-07-10 03:33:00,2007-07-10 03:43:00,C4.4,10963
2007-07-10 04:32:00,2007-07-10 04:36:00,2007-07-10 04:39:00,B7.0,0
2007-07-10 04:46:00,2007-07-10 05:03:00,2007-07-10 05:05:00,C1.2,0
2007-07-10 05:39:00,2007-07-10 05:44:00,2007-07-10 05:48:00,B2.6,0
2007-07-10 06:17:00,2007-07-10 06:31:00,2007-07-10 06:39:00,C1.4,10963
2007-07-10 07:08:00,2007-07-10 07:21:00,2007-07-10 07:28:00,C7.4,10963
2007-07-10 07:39:00,2007-07-10 07:48:00,2007-07-10 07:52:00,C2.8,10963
2007-07-10 09:19:00,2007-07-10 09:42:00,2007-07-10 09:52:00,B1.8,0
2007-07-10 10:00:00,2007-07-10 10:04:00,2007-07-10 10:06:00,B4.4,10963
2007-07-10 10:32:00,2007-07-10 10:40:00,2007-07-10 10:55:00,B5.4,0
2007-07-10 11:11:00,2007-07-10 11:21:00,2007-07-10 11:29:00,C1.9,10963
2007-07-10 12:35:00,2007-07-10 12:40:00,2007-07-10 12:46:00,C8.2,10963
2007-07-10 15:11:00,2007-07-10 15:16:00,2007-07-10 15:22:00,B2.2,0
2007-07-10 15:51:00,2007-07-10 16:03:00,2007-07-10 16:06:00,B4.6,0
2007-07-10 16:41:00,2007-07-10 16:51:00,2007-07-10 16:57:00,B3.2,0
2007-07-10 17:13:00,2007-07-10 17:19:00,2007-07-10 17:24:00,B1.6,0
2007-07-10 17:28:00,2007-07-10 17:32:00,2007-07-10 17:46:00,B2.2,0
2007-07-10 17:48:00,2007-07-10 17:53:00,2007-07-10 18:04:00,C5.2,10963
2007-07-10 20:50:00,2007-07-10 21:01:00,2007-07-10 21:06:00,C1.8,0
2007-07-10 22:15:00,2007-07-10 22:23:00,2007-07-10 22:28:00,B6.1,10963
2007-07-10 22:39:00,2007-07-10 22:46:00,2007-07-10 22:51:00,C1.0,10963
2007-07-11 00:05:00,2007-07-11 00:09:00,2007-07-11 00:13:00,B1.3,10963
2007-07-11 05:37:00,2007-07-11 05:41:00,2007-07-11 05:48:00,B1.1,0
2007-07-11 10:02:00,2007-07-11 10:20:00,2007-07-11 10:32:00,B2.2,0
2007-07-11 11:41:00,2007-07-11 12:06:00,2007-07-11 12:26:00,B7.8,0
2007-07-14 22:15:00,2007-07-14 22:19:00,2007-07-14 22:24:00,B1.1,0
2007-07-15 11:30:00,2007-07-15 11:39:00,2007-07-15 11:46:00,B2.6,0
2007-07-16 00:50:00,2007-07-16 01:01:00,2007-07-16 01:11:00,B2.9,10964
2007-07-18 13:50:00,2007-07-18 13:54:00,2007-07-18 14:00:00,B1.9,10963
2007-07-28 07:15:00,2007-07-28 07:19:00,2007-07-28 07:24:00,B1.4,10965
2007-08-06 01:45:00,2007-08-06 01:53:00,2007-08-06 01:59:00,B4.2,10966
2007-08-06 09:05:00,2007-08-06 09:13:00,2007-08-06 09:21:00,C1.5,10966
2007-08-06 15:24:00,2007-08-06 15:37:00,2007-08-06 15:46:00,C1.1,10966
2007-08-06 22:40:00,2007-08-06 22:48:00,2007-08-06 22:55:00,B1.3,0
2007-08-08 12:26:00,2007-08-08 12:30:00,2007-08-08 12:36:00,B1.4,0
2007-08-14 17:44:00,2007-08-14 17:47:00,2007-08-14 17:49:00,B1.4,0
2007-08-17 23:06:00,2007-08-17 23:12:00,2007-08-17 23:21:00,B1.2,0
2007-08-18 11:21:00,2007-08-18 11:36:00,2007-08-18 11:47:00,B3.3,0
2007-08-18 22:34:00,2007-08-18 22:38:00,2007-08-18 22:44:00,B1.0,0
2007-08-22 11:29:00,2007-08-22 11:35:00,2007-08-22 11:43:00,B1.2,0
2007-08-24 07:49:00,2007-08-24 07:54:00,2007-08-24 07:58:00,C2.0,10969
2007-08-24 11:48:00,2007-08-24 11:53:00,2007-08-24 11:56:00,B3.4,10969
2007-08-24 19:34:00,2007-08-24 19:37:00,2007-08-24 19:40:00,B1.1,0
2007-08-24 23:26:00,2007-08-24 23:30:00,2007-08-24 23:34:00,B2.2,10969
2007-08-31 01:54:00,2007-08-31 01:59:00,2007-08-31 02:04:00,B1.1,0
2007-08-31 06:49:00,2007-08-31 06:53:00,2007-08-31 06:57:00,B1.5,0
2007-08-31 16:18:00,2007-08-31 16:22:00,2007-08-31 16:28:00,B1.1,0
2007-09-01 21:03:00,2007-09-01 21:06:00,2007-09-01 21:09:00,B1.1,0
2007-09-02 02:34:00,2007-09-02 02:37:00,2007-09-02 02:39:00,B1.1,0
2007-09-02 15:26:00,2007-09-02 15:29:00,2007-09-02 15:32:00,B1.2,0
2007-09-03 01:03:00,2007-09-03 01:06:00,2007-09-03 01:09:00,B1.1,0
2007-09-04 00:03:00,2007-09-04 00:09:00,2007-09-04 00:25:00,B2.0,0
2007-09-08 00:13:00,2007-09-08 00:19:00,2007-09-08 00:24:00,B3.0,0
2007-10-05 23:04:00,2007-10-05 23:07:00,2007-10-05 23:09:00,B1.2,0
2007-11-17 04:27:00,2007-11-17 04:31:00,2007-11-17 04:34:00,B1.0,10974
2007-12-02 19:54:00,2007-12-02 20:05:00,2007-12-02 20:09:00,B7.0,10977
2007-12-05 04:12:00,2007-12-05 04:15:00,2007-12-05 04:18:00,B1.1,10977
2007-12-07 04:35:00,2007-12-07 04:41:00,2007-12-07 04:55:00,B1.4,10977
2007-12-07 14:26:00,2007-12-07 14:50:00,2007-12-07 15:04:00,B1.8,0
2007-12-08 03:25:00,2007-12-08 03:30:00,2007-12-08 03:38:00,B1.0,10978
2007-12-08 05:06:00,2007-12-08 05:21:00,2007-12-08 05:40:00,B2.3,0
2007-12-08 12:31:00,2007-12-08 12:38:00,2007-12-08 12:41:00,B1.4,0
2007-12-09 02:24:00,2007-12-09 02:36:00,2007-12-09 02:55:00,B4.5,10978
2007-12-09 11:32:00,2007-12-09 11:39:00,2007-12-09 11:41:00,B1.2,0
2007-12-09 15:46:00,2007-12-09 16:06:00,2007-12-09 16:13:00,B9.4,10978
2007-12-09 16:43:00,2007-12-09 16:49:00,2007-12-09 16:53:00,B8.4,10978
2007-12-09 18:33:00,2007-12-09 18:38:00,2007-12-09 18:54:00,B2.3,0
2007-12-09 19:54:00,2007-12-09 20:03:00,2007-12-09 20:09:00,B1.5,0
2007-12-09 20:13:00,2007-12-09 20:18:00,2007-12-09 20:21:00,B4.8,10978
2007-12-10 02:23:00,2007-12-10 02:26:00,2007-12-10 02:49:00,B1.0,0
2007-12-10 06:54:00,2007-12-10 07:00:00,2007-12-10 07:05:00,B7.0,10978
2007-12-10 07:56:00,2007-12-10 08:10:00,2007-12-10 08:29:00,B3.6,0
2007-12-10 10:13:00,2007-12-10 10:24:00,2007-12-10 10:33:00,B1.2,0
2007-12-10 10:40:00,2007-12-10 10:46:00,2007-12-10 10:59:00,B2.0,0
2007-12-10 11:39:00,2007-12-10 11:46:00,2007-12-10 11:56:00,B3.5,0
2007-12-10 12:25:00,2007-12-10 12:29:00,2007-12-10 12:33:00,B3.1,0
2007-12-10 13:41:00,2007-12-10 13:46:00,2007-12-10 13:49:00,B2.8,0
2007-12-11 00:50:00,2007-12-11 00:53:00,2007-12-11 00:57:00,B1.0,0
2007-12-11 10:52:00,2007-12-11 10:55:00,2007-12-11 11:01:00,B1.2,0
2007-12-11 13:20:00,2007-12-11 13:26:00,2007-12-11 13:31:00,B3.3,0
2007-12-11 19:49:00,2007-12-11 19:56:00,2007-12-11 20:00:00,B4.0,0
2007-12-11 20:56:00,2007-12-11 21:10:00,2007-12-11 21:15:00,B1.7,0
2007-12-11 21:52:00,2007-12-11 21:56:00,2007-12-11 22:08:00,B1.3,0
2007-12-11 23:29:00,2007-12-11 23:36:00,2007-12-11 23:41:00,B2.7,10978
2007-12-11 23:43:00,2007-12-11 23:47:00,2007-12-11 23:50:00,B2.7,10978
2007-12-12 01:07:00,2007-12-12 01:10:00,2007-12-12 01:20:00,B1.9,0
2007-12-12 05:26:00,2007-12-12 05:32:00,2007-12-12 05:44:00,B2.4,10978
2007-12-12 11:12:00,2007-12-12 11:15:00,2007-12-12 11:18:00,B1.8,0
2007-12-12 11:37:00,2007-12-12 11:42:00,2007-12-12 11:49:00,B1.8,0
2007-12-12 13:36:00,2007-12-12 13:40:00,2007-12-12 13:49:00,B2.5,0
2007-12-12 14:35:00,2007-12-12 14:38:00,2007-12-12 14:43:00,B1.6,0
2007-12-12 14:54:00,2007-12-12 14:58:00,2007-12-12 15:01:00,B3.1,0
2007-12-12 16:35:00,2007-12-12 16:39:00,2007-12-12 16:53:00,B1.3,0
2007-12-12 16:56:00,2007-12-12 17:04:00,2007-12-12 17:10:00,B2.2,0
2007-12-12 18:00:00,2007-12-12 18:05:00,2007-12-12 18:10:00,B3.5,10978
2007-12-12 22:21:00,2007-12-12 22:31:00,2007-12-12 22:36:00,B4.7,10978
2007-12-12 22:44:00,2007-12-12 22:47:00,2007-12-12 22:50:00,B2.8,0
2007-12-13 00:42:00,2007-12-13 00:48:00,2007-12-13 00:50:00,B5.9,10978
2007-12-13 01:01:00,2007-12-13 01:04:00,2007-12-13 01:08:00,B7.8,10978
2007-12-13 01:22:00,2007-12-13 01:25:00,2007-12-13 01:28:00,B4.3,0
2007-12-13 02:15:00,2007-12-13 02:19:00,2007-12-13 02:22:00,B2.1,0
2007-12-13 02:39:00,2007-12-13 02:44:00,2007-12-13 02:48:00,B3.8,0
2007-12-13 03:37:00,2007-12-13 04:04:00,2007-12-13 04:13:00,B7.6,10978
2007-12-13 04:32:00,2007-12-13 04:37:00,2007-12-13 04:43:00,B4.6,10978
2007-12-13 05:06:00,2007-12-13 05:11:00,2007-12-13 05:17:00,B3.5,10978
2007-12-13 05:56:00,2007-12-13 05:59:00,2007-12-13 06:04:00,B3.3,10978
2007-12-13 08:39:00,2007-12-13 08:45:00,2007-12-13 08:50:00,B4.9,10978
2007-12-13 09:22:00,2007-12-13 09:27:00,2007-12-13 09:32:00,B2.7,10978
2007-12-13 09:39:00,2007-12-13 10:03:00,2007-12-13 10:09:00,C4.5,10978
2007-12-13 11:37:00,2007-12-13 11:47:00,2007-12-13 11:52:00,B2.2,0
2007-12-13 12:46:00,2007-12-13 12:54:00,2007-12-13 13:00:00,B2.1,0
2007-12-13 13:01:00,2007-12-13 13:06:00,2007-12-13 13:13:00,B4.4,0
2007-12-13 13:24:00,2007-12-13 13:28:00,2007-12-13 13:32:00,B2.7,0
2007-12-13 13:39:00,2007-12-13 13:47:00,2007-12-13 13:54:00,B6.6,0
2007-12-13 13:59:00,2007-12-13 14:06:00,2007-12-13 14:12:00,C1.0,0
2007-12-13 17:26:00,2007-12-13 17:32:00,2007-12-13 17:37:00,B2.7,0
2007-12-13 20:12:00,2007-12-13 20:16:00,2007-12-13 20:19:00,B1.6,0
2007-12-13 21:52:00,2007-12-13 22:00:00,2007-12-13 22:19:00,C1.7,10978
2007-12-14 01:35:00,2007-12-14 01:39:00,2007-12-14 01:41:00,B9.6,10978
2007-12-14 07:45:00,2007-12-14 08:03:00,2007-12-14 08:13:00,B6.0,10978
2007-12-14 08:13:00,2007-12-14 08:31:00,2007-12-14 08:44:00,C1.1,10978
2007-12-14 10:44:00,2007-12-14 10:47:00,2007-12-14 10:49:00,B1.3,0
2007-12-14 12:03:00,2007-12-14 12:08:00,2007-12-14 12:15:00,B1.6,0
2007-12-14 14:11:00,2007-12-14 14:16:00,2007-12-14 14:21:00,C1.1,0
2007-12-14 15:11:00,2007-12-14 15:22:00,2007-12-14 15:48:00,B8.8,10978
2007-12-14 19:19:00,2007-12-14 19:26:00,2007-12-14 19:33:00,B1.9,0
2007-12-14 21:55:00,2007-12-14 22:21:00,2007-12-14 22:31:00,B2.5,0
2007-12-15 09:03:00,2007-12-15 09:23:00,2007-12-15 09:35:00,B3.8,0
2007-12-15 17:21:00,2007-12-15 17:32:00,2007-12-15 17:43:00,B2.8,0
2007-12-15 20:52:00,2007-12-15 20:56:00,2007-12-15 21:01:00,B2.1,0
2007-12-15 22:12:00,2007-12-15 22:16:00,2007-12-15 22:22:00,B1.2,0
2007-12-16 00:31:00,2007-12-16 00:37:00,2007-12-16 00:46:00,B1.4,0
2007-12-16 03:49:00,2007-12-16 03:55:00,2007-12-16 04:03:00,C1.2,0
2007-12-16 06:20:00,2007-12-16 06:23:00,2007-12-16 06:25:00,B1.8,0
2007-12-16 08:36:00,2007-12-16 08:40:00,2007-12-16 08:42:00,B1.4,0
2007-12-16 15:55:00,2007-12-16 15:59:00,2007-12-16 16:02:00,B1.4,0
2007-12-16 20:27:00,2007-12-16 20:31:00,2007-12-16 20:35:00,B1.7,0
2007-12-16 22:16:00,2007-12-16 22:21:00,2007-12-16 22:27:00,B1.2,0
2007-12-17 00:10:00,2007-12-17 00:47:00,2007-12-17 00:52:00,B3.7,0
2007-12-17 02:18:00,2007-12-17 02:22:00,2007-12-17 02:26:00,B1.5,0
2007-12-17 03:28:00,2007-12-17 03:35:00,2007-12-17 03:55:00,B2.6,0
2007-12-17 05:54:00,2007-12-17 06:01:00,2007-12-17 06:07:00,B2.5,0
2007-12-17 06:47:00,2007-12-17 07:16:00,2007-12-17 07:26:00,C2.2,10978
2007-12-17 18:02:00,2007-12-17 18:28:00,2007-12-17 18:43:00,B5.4,0
2007-12-17 20:30:00,2007-12-17 20:35:00,2007-12-17 20:37:00,B3.8,0
2007-12-17 20:58:00,2007-12-17 21:01:00,2007-12-17 21:05:00,B1.6,0
2007-12-17 21:06:00,2007-12-17 21:10:00,2007-12-17 21:13:00,B4.3,0
2007-12-17 21:20:00,2007-12-17 21:25:00,2007-12-17 21:31:00,B3.6,0
2007-12-17 22:26:00,2007-12-17 23:07:00,2007-12-17 23:11:00,B8.9,0
2007-12-17 23:53:00,2007-12-18 00:04:00,2007-12-18 00:14:00,B5.7,0
2007-12-18 01:07:00,2007-12-18 01:12:00,2007-12-18 01:16:00,B7.9,0
2007-12-18 01:30:00,2007-12-18 01:34:00,2007-12-18 01:36:00,B2.4,0
2007-12-18 02:34:00,2007-12-18 02:37:00,2007-12-18 02:39:00,B1.9,0
2007-12-18 02:46:00,2007-12-18 02:50:00,2007-12-18 02:54:00,B1.4,0
2007-12-18 03:42:00,2007-12-18 03:45:00,2007-12-18 03:48:00,B1.3,0
2007-12-18 03:49:00,2007-12-18 03:53:00,2007-12-18 03:55:00,B1.5,0
2007-12-18 04:25:00,2007-12-18 04:29:00,2007-12-18 04:31:00,B2.2,0
2007-12-18 06:33:00,2007-12-18 06:43:00,2007-12-18 06:53:00,B3.6,0
2007-12-18 06:54:00,2007-12-18 07:01:00,2007-12-18 07:08:00,B3.8,0
2007-12-18 08:55:00,2007-12-18 09:00:00,2007-12-18 09:10:00,B1.8,0
2007-12-18 09:36:00,2007-12-18 09:40:00,2007-12-18 09:44:00,B2.9,0
2007-12-18 09:54:00,2007-12-18 10:00:00,2007-12-18 10:03:00,B2.5,0
2007-12-18 10:28:00,2007-12-18 10:38:00,2007-12-18 10:44:00,B1.5,0
2007-12-18 13:08:00,2007-12-18 13:20:00,2007-12-18 13:29:00,C2.1,0
2007-12-18 14:30:00,2007-12-18 14:34:00,2007-12-18 14:38:00,B6.3,0
2007-12-18 14:47:00,2007-12-18 14:52:00,2007-12-18 14:56:00,C1.1,0
2007-12-18 15:18:00,2007-12-18 15:24:00,2007-12-18 15:39:00,B8.4,10978
2007-12-18 17:41:00,2007-12-18 17:47:00,2007-12-18 17:52:00,B5.7,0
2007-12-18 18:18:00,2007-12-18 18:22:00,2007-12-18 18:27:00,B5.8,0
2007-12-18 18:27:00,2007-12-18 18:31:00,2007-12-18 18:34:00,B7.6,0
2007-12-18 19:07:00,2007-12-18 19:15:00,2007-12-18 19:21:00,C1.6,0
2007-12-18 22:35:00,2007-12-18 22:39:00,2007-12-18 22:42:00,B2.2,0
2007-12-19 00:36:00,2007-12-19 00:46:00,2007-12-19 00:53:00,B5.4,0
2007-12-19 01:37:00,2007-12-19 01:43:00,2007-12-19 01:46:00,B2.1,0
2007-12-19 03:01:00,2007-12-19 03:05:00,2007-12-19 03:11:00,B2.0,0
2007-12-19 06:30:00,2007-12-19 07:32:00,2007-12-19 07:53:00,B2.9,0
2007-12-30 19:32:00,2007-12-30 20:05:00,2007-12-30 20:19:00,C1.7,0
